,race,id,fips_char,fips5,place,fname,lname,party,pab,votes,incumbent,mpc
25089,House,2704,27,,,Betty,McCollum,DEM,D,243289.0,1.0,1.0
28617,House,3203,32,,,Susie,Lee,DEM,D,203421.0,1.0,1.0
28621,House,3204,32,,,Steven,Horsford,DEM,D,168457.0,1.0,1.0
30530,House,3301,33,,,Chris,Pappas,DEM,D,205606.0,1.0,1.0
30534,House,3302,33,,,Ann,Kuster,DEM,D,208284.0,1.0,1.0
31816,House,3401,34,,,Donald,Norcross,DEM,D,224434.0,1.0,1.0
31819,House,3402,34,,,Amy,Kennedy,DEM,D,161220.0,0.0,1.0
28615,House,3202,32,,,Patricia,Ackerman,DEM,D,155780.0,0.0,1.0
31822,House,3403,34,,,Andrew,Kim,DEM,D,217184.0,1.0,1.0
31831,House,3405,34,,,Joshua,Gottheimer,DEM,D,224152.0,1.0,1.0
31834,House,3406,34,,,Frank,Pallone,DEM,D,187543.0,1.0,1.0
31836,House,3407,34,,,Tom,Malinowski,DEM,D,213014.0,1.0,1.0
31838,House,3408,34,,,Albio,Sires,DEM,D,138689.0,1.0,1.0
31841,House,3409,34,,,Bill,Pascrell,DEM,D,191627.0,1.0,1.0
31844,House,3410,34,,,Donald,Payne,DEM,D,208523.0,1.0,1.0
31827,House,3404,34,,,Stephanie,Schmid,DEM,D,157666.0,0.0,1.0
31849,House,3411,34,,,Mikie,Sherrill,DEM,D,227074.0,1.0,1.0
28610,House,3201,32,,,Dina,Titus,DEM,D,137868.0,1.0,1.0
28513,House,3102,31,,,Kara,Eastman,DEM,D,155734.0,0.0,1.0
25102,House,2708,27,,,Quinn,Nystrom,DEM,D,147581.0,0.0,1.0
26268,House,2801,28,,,Antonia,Eliason,DEM,D,102073.0,0.0,1.0
26270,House,2802,28,,,Bennie,Thompson,DEM,D,177840.0,1.0,1.0
26274,House,2803,28,,,Dorothy,Benford,DEM,D,118014.0,0.0,1.0
26922,House,2901,29,,,Cori,Bush,DEM,D,245520.0,1.0,1.0
26926,House,2902,29,,,Jill,Schupp,DEM,D,201520.0,0.0,1.0
28516,House,3103,31,,,Mark,Elworth,DEM,D,50678.0,0.0,1.0
26930,House,2903,29,,,Megan,Rezabek,DEM,D,116109.0,0.0,1.0
26935,House,2905,29,,,Emanuel,Cleaver,DEM,D,204631.0,1.0,1.0
26939,House,2906,29,,,Gena,Ross,DEM,D,120753.0,0.0,1.0
26942,House,2907,29,,,Teresa,Montseny,DEM,D,96501.0,0.0,1.0
26945,House,2908,29,,,Kathy,Ellis,DEM,D,70504.0,0.0,1.0
27751,House,3000,30,,,Kathleen,Williams,DEM,D,263335.0,0.0,1.0
28510,House,3101,31,,,Kate,Bolz,DEM,D,119263.0,0.0,1.0
26933,House,2904,29,,,Lindsey,Simmons,DEM,D,107528.0,0.0,1.0
25098,House,2707,27,,,Collin,Peterson,DEM,D,141150.0,1.0,1.0
31851,House,3412,34,,,Bonnie,Watson Coleman,DEM,D,215215.0,1.0,1.0
32165,House,3502,35,,,Xochitl,Torres Small,DEM,D,120766.0,1.0,1.0
32571,House,3618,36,,,Sean,Maloney,DEM,D,138923.0,1.0,1.0
32575,House,3619,36,,,Antonio,Delgado,DEM,D,151493.0,1.0,1.0
32580,House,3620,36,,,Paul,Tonko,DEM,D,162189.0,1.0,1.0
32584,House,3621,36,,,Tedra,Cobb,DEM,D,92912.0,0.0,1.0
32587,House,3622,36,,,Anthony,Brindisi,DEM,D,120249.0,1.0,1.0
32591,House,3623,36,,,Tracy,Mitrano,DEM,D,102036.0,0.0,1.0
32565,House,3617,36,,,Mondaire,Jones,DEM,D,136185.0,1.0,1.0
32595,House,3624,36,,,Dana,Balter,DEM,D,119475.0,0.0,1.0
32602,House,3626,36,,,Brian,Higgins,DEM,D,170259.0,1.0,1.0
32606,House,3627,36,,,Nate,McMurray,DEM,D,111174.0,0.0,1.0
33620,House,3701,37,,,G.K.,Butterfield,DEM,D,188870.0,1.0,1.0
33622,House,3702,37,,,Deborah,Ross,DEM,D,311887.0,0.0,1.0
33626,House,3703,37,,,Darryl,Farrow,DEM,D,132752.0,0.0,1.0
33627,House,3704,37,,,David,Price,DEM,D,332424.0,1.0,1.0
32598,House,3625,36,,,Joseph,Morelle,DEM,D,204759.0,1.0,1.0
32162,House,3501,35,,,Debra,Haaland,DEM,D,185336.0,1.0,1.0
32563,House,3616,36,,,Jamaal,Bowman,DEM,D,161730.0,1.0,1.0
32558,House,3614,36,,,Alexandria,Ocasio-Cortez,DEM,D,105455.0,1.0,1.0
32167,House,3503,35,,,Teresa,Leger Fernandez,DEM,D,174452.0,1.0,1.0
32520,House,3601,36,,,Nancy,Goroff,DEM,D,111203.0,0.0,1.0
32523,House,3602,36,,,Jackie,Gordon,DEM,D,119492.0,0.0,1.0
32526,House,3603,36,,,Thomas,Suozzi,DEM,D,169043.0,1.0,1.0
32530,House,3604,36,,,Kathleen,Rice,DEM,D,169481.0,1.0,1.0
32534,House,3605,36,,,Gregory,Meeks,DEM,D,182481.0,1.0,1.0
32561,House,3615,36,,,Ritchie,Torres,DEM,D,136471.0,1.0,1.0
32536,House,3606,36,,,Grace,Meng,DEM,D,106131.0,1.0,1.0
32541,House,3608,36,,,Hakeem,Jeffries,DEM,D,175140.0,1.0,1.0
32543,House,3609,36,,,Yvette,Clarke,DEM,D,170898.0,1.0,1.0
32547,House,3610,36,,,Jerrold,Nadler,DEM,D,120273.0,1.0,1.0
32551,House,3611,36,,,Max,Rose,DEM,D,99224.0,1.0,1.0
32552,House,3612,36,,,Carolyn,Maloney,DEM,D,153815.0,1.0,1.0
32555,House,3613,36,,,Adriano,Espaillat,DEM,D,179589.0,1.0,1.0
32538,House,3607,36,,,Nydia,Velazquez,DEM,D,142815.0,1.0,1.0
25096,House,2706,27,,,Tawnja,Zahradka,DEM,D,142469.0,0.0,1.0
25092,House,2705,27,,,Ilhan,Omar,DEM,D,255920.0,1.0,1.0
25087,House,2703,27,,,Dean,Phillips,DEM,D,243984.0,1.0,1.0
12524,House,2103,21,,,John,Yarmuth,DEM,D,230603.0,1.0,1.0
12527,House,2104,21,,,Alexandra,Owensby,DEM,D,125881.0,0.0,1.0
12530,House,2105,21,,,Matthew,Best,DEM,D,47798.0,0.0,1.0
12533,House,2106,21,,,Josh,Hicks,DEM,D,154973.0,0.0,1.0
14358,House,2201,22,,,Lee Ann,Dugas,DEM,D,94730.0,0.0,1.0
14360,House,2202,22,,,Cedric,Richmond,DEM,D,201636.0,1.0,1.0
12520,House,2102,21,,,Hank,Linderman,DEM,D,94638.0,0.0,1.0
14362,House,2202,22,,,Glenn,Harris,DEM,D,33684.0,1.0,1.0
14368,House,2203,22,,,Rob,Anderson,DEM,D,39423.0,0.0,1.0
14371,House,2204,22,,,Kenny,Houston,DEM,D,78157.0,0.0,1.0
14372,House,2204,22,,,Ryan,Trundle,DEM,D,23813.0,0.0,1.0
14376,House,2205,22,,,Candy,Christophe,DEM,D,50812.0,0.0,1.0
14377,House,2205,22,,,Martin,Lemelle,DEM,D,32186.0,0.0,1.0
14381,House,2205,22,,,Phillip,Snowden,DEM,D,9432.0,0.0,1.0
14367,House,2203,22,,,Braylon,Harris,DEM,D,60852.0,0.0,1.0
14382,House,2205,22,,,Jesse,Lagarde,DEM,D,7136.0,0.0,1.0
12517,House,2101,21,,,James,Rhodes,DEM,D,82238.0,0.0,1.0
11502,House,2003,20,,,Sharice,Davids,DEM,D,212604.0,1.0,1.0
9199,House,1802,18,,,Patricia,Hackett,DEM,D,114963.0,0.0,1.0
9201,House,1803,18,,,Chip,Coldiron,DEM,D,104762.0,0.0,1.0
9203,House,1804,18,,,Joe,Mackey,DEM,D,112984.0,0.0,1.0
9205,House,1805,18,,,Christina,Hale,DEM,D,191226.0,0.0,1.0
9208,House,1806,18,,,Jeannine,Lake,DEM,D,91105.0,0.0,1.0
9210,House,1807,18,,,Andre,Carson,DEM,D,176422.0,1.0,1.0
11506,House,2004,20,,,Laura,Lombard,DEM,D,110922.0,0.0,1.0
9213,House,1808,18,,,Thomasina,Marsili,DEM,D,95691.0,0.0,1.0
10834,House,1901,19,,,Abby,Finkenauer,DEM,D,201347.0,1.0,1.0
10836,House,1902,19,,,Rita,Hart,DEM,D,196812.0,1.0,1.0
10837,House,1903,19,,,Cindy,Axne,DEM,D,219205.0,1.0,1.0
10841,House,1904,19,,,J.D.,Scholten,DEM,D,144761.0,0.0,1.0
11498,House,2001,20,,,Kali,Barnett,DEM,D,81561.0,0.0,1.0
11500,House,2002,20,,,Michelle,De La Isla,DEM,D,133354.0,0.0,1.0
9216,House,1809,18,,,Andy,Ruff,DEM,D,122543.0,0.0,1.0
14384,House,2206,22,,,Dartanyon,Williams,DEM,D,95541.0,0.0,1.0
19877,House,2301,23,,,Chellie,Pingree,DEM,D,211905.0,1.0,1.0
19880,House,2302,23,,,Jared,Golden,DEM,D,174734.0,1.0,1.0
23863,House,2603,26,,,Hillary,Scholten,DEM,D,189777.0,0.0,1.0
23865,House,2604,26,,,Jerry,Hilliard,DEM,D,120836.0,0.0,1.0
23868,House,2605,26,,,Daniel,Kildee,DEM,D,197840.0,1.0,1.0
23873,House,2606,26,,,Jon,Hoadley,DEM,D,152103.0,0.0,1.0
23877,House,2607,26,,,Gretchen,Driskell,DEM,D,159752.0,0.0,1.0
23878,House,2608,26,,,Elissa,Slotkin,DEM,D,217929.0,1.0,1.0
23858,House,2602,26,,,Bryan,Berghoef,DEM,D,153998.0,0.0,1.0
23881,House,2609,26,,,Andy,Levin,DEM,D,231829.0,1.0,1.0
23887,House,2611,26,,,Haley,Stevens,DEM,D,226128.0,1.0,1.0
23890,House,2612,26,,,Debbie,Dingell,DEM,D,254991.0,1.0,1.0
23893,House,2613,26,,,Rashida,Tlaib,DEM,D,223205.0,1.0,1.0
23898,House,2614,26,,,Brenda,Lawrence,DEM,D,271370.0,1.0,1.0
25082,House,2701,27,,,Dan,Feehan,DEM,D,167877.0,0.0,1.0
25084,House,2702,27,,,Angie,Craig,DEM,D,203980.0,1.0,1.0
23886,House,2610,26,,,Kimberly,Bizon,DEM,D,138286.0,0.0,1.0
23855,House,2601,26,,,Dana,Ferguson,DEM,D,154707.0,0.0,1.0
22868,House,2509,25,,,Bill,Keating,DEM,D,256158.0,1.0,1.0
22865,House,2508,25,,,Stephen,Lynch,DEM,D,248611.0,1.0,1.0
20012,House,2401,24,,,Mia,Mason,DEM,D,142981.0,0.0,1.0
20013,House,2402,24,,,Dutch,Ruppersberger,DEM,D,214496.0,1.0,1.0
20015,House,2403,24,,,John,Sarbanes,DEM,D,253290.0,1.0,1.0
20017,House,2404,24,,,Anthony,Brown,DEM,D,276652.0,1.0,1.0
20019,House,2405,24,,,Steny,Hoyer,DEM,D,271328.0,1.0,1.0
20021,House,2406,24,,,David,Trone,DEM,D,203276.0,1.0,1.0
20024,House,2407,24,,,Kweisi,Mfume,DEM,D,231862.0,1.0,1.0
20027,House,2408,24,,,Jamie,Raskin,DEM,D,257864.0,1.0,1.0
22846,House,2501,25,,,Richard,Neal,DEM,D,252995.0,1.0,1.0
22848,House,2502,25,,,Jim,McGovern,DEM,D,248858.0,1.0,1.0
22851,House,2503,25,,,Lori,Trahan,DEM,D,245840.0,1.0,1.0
22853,House,2504,25,,,Jake,Auchincloss,DEM,D,214977.0,1.0,1.0
22856,House,2505,25,,,Katherine,Clark,DEM,D,275104.0,1.0,1.0
22859,House,2506,25,,,Seth,Moulton,DEM,D,265720.0,1.0,1.0
22862,House,2507,25,,,Ayanna,Pressley,DEM,D,128137.0,1.0,1.0
33630,House,3705,37,,,David,Brown,DEM,D,119845.0,0.0,1.0
9195,House,1801,18,,,Frank,Mrvan,DEM,D,185176.0,1.0,1.0
33632,House,3706,37,,,Kathy,Manning,DEM,D,253530.0,0.0,1.0
33637,House,3708,37,,,Patricia,Timmons-Goodson,DEM,D,177781.0,0.0,1.0
41849,House,4824,48,,,Candace,Valenzuela,DEM,D,163326.0,0.0,1.0
41854,House,4825,48,,,Julie,Oliver,DEM,D,165338.0,0.0,1.0
41857,House,4826,48,,,Carol,Iannuzzi,DEM,D,161009.0,0.0,1.0
41860,House,4827,48,,,Ricardo,De La Fuente,DEM,D,95117.0,0.0,1.0
41862,House,4828,48,,,Henry,Cuellar,DEM,D,136510.0,1.0,1.0
41865,House,4829,48,,,Sylvia,Garcia,DEM,D,111305.0,1.0,1.0
41846,House,4823,48,,,Gina,Ortiz Jones,DEM,D,135415.0,0.0,1.0
41868,House,4830,48,,,Eddie Bernice,Johnson,DEM,D,204928.0,1.0,1.0
41875,House,4832,48,,,Colin,Allred,DEM,D,178542.0,1.0,1.0
41879,House,4833,48,,,Marc,Veasey,DEM,D,105317.0,1.0,1.0
41884,House,4834,48,,,Filemon,Vela,DEM,D,110907.0,1.0,1.0
41888,House,4835,48,,,Lloyd,Doggett,DEM,D,175033.0,1.0,1.0
41893,House,4836,48,,,Rashad,Lewis,DEM,D,73308.0,0.0,1.0
42171,House,4901,49,,,Darren,Parry,DEM,D,104194.0,0.0,1.0
41872,House,4831,48,,,Donna,Imam,DEM,D,174394.0,0.0,1.0
42174,House,4902,49,,,Kael,Weston,DEM,D,129762.0,0.0,1.0
41843,House,4822,48,,,Sri,Kulkarni,DEM,D,181418.0,0.0,1.0
41836,House,4820,48,,,Joaquin,Castro,DEM,D,172648.0,1.0,1.0
41796,House,4806,48,,,Stephen,Daniel,DEM,D,149480.0,0.0,1.0
41798,House,4807,48,,,Lizzie,Fletcher,DEM,D,159529.0,1.0,1.0
41802,House,4808,48,,,Elizabeth,Hernandez,DEM,D,97283.0,0.0,1.0
41804,House,4809,48,,,Al,Green,DEM,D,172060.0,1.0,1.0
41808,House,4810,48,,,Mike,Siegel,DEM,D,187566.0,0.0,1.0
41811,House,4811,48,,,Jon Mark,Hogg,DEM,D,53213.0,0.0,1.0
41840,House,4821,48,,,Wendy,Davis,DEM,D,203858.0,0.0,1.0
41814,House,4812,48,,,Lisa,Welch,DEM,D,121053.0,0.0,1.0
41820,House,4814,48,,,Adrienne,Bell,DEM,D,117862.0,0.0,1.0
41821,House,4815,48,,,Vicente,Gonzalez,DEM,D,115073.0,1.0,1.0
41824,House,4816,48,,,Veronica,Escobar,DEM,D,145766.0,1.0,1.0
41827,House,4817,48,,,Rick,Kennedy,DEM,D,125317.0,0.0,1.0
41829,House,4818,48,,,Sheila,Jackson Lee,DEM,D,180952.0,1.0,1.0
41834,House,4819,48,,,Tom,Watson,DEM,D,60200.0,0.0,1.0
41817,House,4813,48,,,Gus,Trujillo,DEM,D,47617.0,0.0,1.0
41793,House,4805,48,,,Carolyn,Salter,DEM,D,100495.0,0.0,1.0
42177,House,4903,49,,,Devin,Thorpe,DEM,D,96067.0,0.0,1.0
47746,House,5000,50,,,Peter,Welch,DEM,D,238827.0,1.0,1.0
51012,House,5309,53,,,Adam,Smith,DEM,D,258374.0,1.0,1.0
51014,House,5310,53,,,Marilyn,Strickland,DEM,D,167125.0,1.0,1.0
51015,House,5310,53,,,Beth,Doglio,DEM,D,120408.0,0.0,1.0
51496,House,5401,54,,,Natalie,Cline,DEM,D,81059.0,0.0,1.0
51499,House,5402,54,,,Cathy,Kunkel,DEM,D,100799.0,0.0,1.0
51501,House,5403,54,,,Hilary,Turner,DEM,D,64898.0,0.0,1.0
51009,House,5308,53,,,Kim,Schrier,DEM,D,212022.0,1.0,1.0
52184,House,5501,55,,,Roger,Polack,DEM,D,163170.0,0.0,1.0
52187,House,5503,55,,,Ron,Kind,DEM,D,199885.0,1.0,1.0
52189,House,5504,55,,,Gwen,Moore,DEM,D,232668.0,1.0,1.0
52193,House,5505,55,,,Tom,Palzewicz,DEM,D,175902.0,0.0,1.0
52195,House,5506,55,,,Jessica,King,DEM,D,164239.0,0.0,1.0
52198,House,5507,55,,,Tricia,Zunker,DEM,D,162741.0,0.0,1.0
52200,House,5508,55,,,Amanda,Stuck,DEM,D,149558.0,0.0,1.0
52185,House,5502,55,,,Mark,Pocan,DEM,D,318523.0,1.0,1.0
42181,House,4904,49,,,Ben,McAdams,DEM,D,175031.0,1.0,1.0
51007,House,5307,53,,,Pramila,Jayapal,DEM,D,386594.0,1.0,1.0
51004,House,5305,53,,,Dave,Wilson,DEM,D,154434.0,0.0,1.0
50729,House,5101,51,,,Qasim,Rashid,DEM,D,186927.0,0.0,1.0
50730,House,5102,51,,,Elaine,Luria,DEM,D,184991.0,1.0,1.0
50733,House,5103,51,,,Bobby,Scott,DEM,D,233326.0,1.0,1.0
50735,House,5104,51,,,Donald,McEachin,DEM,D,243349.0,1.0,1.0
50738,House,5105,51,,,Cameron,Webb,DEM,D,190340.0,0.0,1.0
50740,House,5106,51,,,Nicholas,Betts,DEM,D,135022.0,0.0,1.0
51005,House,5306,53,,,Derek,Kilmer,DEM,D,246676.0,1.0,1.0
50741,House,5107,51,,,Abigail,Spanberger,DEM,D,232995.0,1.0,1.0
50746,House,5110,51,,,Jennifer,Wexton,DEM,D,268654.0,1.0,1.0
50748,House,5111,51,,,Gerry,Connolly,DEM,D,280733.0,1.0,1.0
50994,House,5301,53,,,Suzan,DelBene,DEM,D,248987.0,1.0,1.0
50996,House,5302,53,,,Rick,Larsen,DEM,D,254269.0,1.0,1.0
50999,House,5303,53,,,Carolyn,Long,DEM,D,180932.0,0.0,1.0
51001,House,5304,53,,,Douglas,McKinley,DEM,D,101993.0,0.0,1.0
50743,House,5108,51,,,Donald,Beyer,DEM,D,301454.0,1.0,1.0
41789,House,4804,48,,,Russell,Foster,DEM,D,77343.0,0.0,1.0
41786,House,4803,48,,,Lulu,Seikaly,DEM,D,179458.0,0.0,1.0
41782,House,4802,48,,,Sima,Ladjevardian,DEM,D,148727.0,0.0,1.0
34888,House,3913,39,,,Tim,Ryan,DEM,D,171334.0,1.0,1.0
34892,House,3914,39,,,Hillary O'Connor,Mueri,DEM,D,157202.0,0.0,1.0
34894,House,3915,39,,,Joel,Newby,DEM,D,139285.0,0.0,1.0
34897,House,3916,39,,,Aaron,Godfrey,DEM,D,149322.0,0.0,1.0
35758,House,4001,40,,,Kojo,Asamoa-Caesar,DEM,D,109641.0,0.0,1.0
35761,House,4002,40,,,Danyell,Lanier,DEM,D,63472.0,0.0,1.0
34886,House,3912,39,,,Alaina,Shearer,DEM,D,182028.0,0.0,1.0
35764,House,4003,40,,,Zoe,Midyett,DEM,D,66501.0,0.0,1.0
35769,House,4005,40,,,Kendra,Horn,DEM,D,145658.0,1.0,1.0
36169,House,4101,41,,,Suzanne,Bonamici,DEM,D,296266.0,1.0,1.0
36172,House,4102,41,,,Alex,Spenser,DEM,D,166617.0,0.0,1.0
36174,House,4103,41,,,Earl,Blumenauer,DEM,D,343153.0,1.0,1.0
36178,House,4104,41,,,Peter,DeFazio,DEM,D,239899.0,1.0,1.0
36181,House,4105,41,,,Kurt,Schrader,DEM,D,233834.0,1.0,1.0
35766,House,4004,40,,,Mary,Brannon,DEM,D,90459.0,0.0,1.0
36406,House,4201,42,,,Christina,Finello,DEM,D,191578.0,0.0,1.0
34883,House,3911,39,,,Marcia,Fudge,DEM,D,242098.0,1.0,1.0
34878,House,3909,39,,,Marcy,Kaptur,DEM,D,186632.0,1.0,1.0
33639,House,3709,37,,,Cynthia,Wallace,DEM,D,178508.0,0.0,1.0
33641,House,3710,37,,,David,Parker,DEM,D,128146.0,0.0,1.0
33643,House,3711,37,,,Moe,Davis,DEM,D,190609.0,0.0,1.0
33646,House,3712,37,,,Alma,Adams,DEM,D,341457.0,1.0,1.0
33648,House,3713,37,,,Scott,Huffman,DEM,D,124684.0,0.0,1.0
34271,House,3800,38,,,Zach,Raknerud,DEM,D,97970.0,0.0,1.0
34882,House,3910,39,,,Desiree,Tims,DEM,D,148671.0,0.0,1.0
34856,House,3901,39,,,Kate,Schroder,DEM,D,172022.0,0.0,1.0
34862,House,3903,39,,,Joyce,Beatty,DEM,D,227420.0,1.0,1.0
34866,House,3904,39,,,Shannon,Freshour,DEM,D,99900.0,0.0,1.0
34869,House,3905,39,,,Nick,Rubando,DEM,D,119039.0,0.0,1.0
34871,House,3906,39,,,Shawna,Roberts,DEM,D,84625.0,0.0,1.0
34873,House,3907,39,,,Quentin,Potter,DEM,D,100372.0,0.0,1.0
34876,House,3908,39,,,Vanessa,Enoch,DEM,D,110695.0,0.0,1.0
34860,House,3902,39,,,Jaime,Castle,DEM,D,146461.0,0.0,1.0
36407,House,4202,42,,,Brendan,Boyle,DEM,D,198268.0,1.0,1.0
36409,House,4203,42,,,Dwight,Evans,DEM,D,341922.0,1.0,1.0
36411,House,4204,42,,,Madeleine,Dean,DEM,D,263378.0,1.0,1.0
37152,House,4504,45,,,Kim,Nelson,DEM,D,133023.0,0.0,1.0
37155,House,4505,45,,,Moe,Brown,DEM,D,145958.0,0.0,1.0
37156,House,4506,45,,,Jim,Clyburn,DEM,D,197477.0,1.0,1.0
37160,House,4507,45,,,Melissa,Watson,DEM,D,138863.0,0.0,1.0
39440,House,4701,47,,,Blair,Walsingham,DEM,D,68211.0,0.0,1.0
39443,House,4702,47,,,Renee,Hoyos,DEM,D,109298.0,0.0,1.0
37150,House,4503,45,,,Hosea,Cleveland,DEM,D,95712.0,0.0,1.0
39446,House,4703,47,,,Meg,Gorman,DEM,D,97510.0,0.0,1.0
39451,House,4705,47,,,Jim,Cooper,DEM,D,250001.0,1.0,1.0
39453,House,4706,47,,,Christopher,Finley,DEM,D,83694.0,0.0,1.0
39456,House,4707,47,,,Kiran,Sreepada,DEM,D,95743.0,0.0,1.0
39460,House,4708,47,,,Erika,Pearson,DEM,D,97561.0,0.0,1.0
39463,House,4709,47,,,Steve,Cohen,DEM,D,187258.0,1.0,1.0
41780,House,4801,48,,,Hank,Gilbert,DEM,D,82359.0,0.0,1.0
39450,House,4704,47,,,Christopher,Hale,DEM,D,111238.0,0.0,1.0
37147,House,4502,45,,,Adair,Boroughs,DEM,D,155118.0,0.0,1.0
37145,House,4501,45,,,Joe,Cunningham,DEM,D,210627.0,1.0,1.0
36765,House,4402,44,,,Jim,Langevin,DEM,D,153607.0,1.0,1.0
36413,House,4205,42,,,Mary Gay,Scanlon,DEM,D,255855.0,1.0,1.0
36415,House,4206,42,,,Chrissy,Houlahan,DEM,D,223336.0,1.0,1.0
36417,House,4207,42,,,Susan,Wild,DEM,D,193060.0,1.0,1.0
36419,House,4208,42,,,Matt,Cartwright,DEM,D,178212.0,1.0,1.0
36422,House,4209,42,,,Gary,Wegman,DEM,D,116374.0,0.0,1.0
36424,House,4210,42,,,Eugene,DePasquale,DEM,D,182857.0,0.0,1.0
36426,House,4211,42,,,Sarah,Hammond,DEM,D,141309.0,0.0,1.0
36428,House,4212,42,,,Lee,Griffin,DEM,D,99056.0,0.0,1.0
36430,House,4213,42,,,Todd,Rowley,DEM,D,96504.0,0.0,1.0
36432,House,4214,42,,,William,Marx,DEM,D,129721.0,0.0,1.0
36434,House,4215,42,,,Robert,Williams,DEM,D,92020.0,0.0,1.0
36436,House,4216,42,,,Kristy,Gnibus,DEM,D,143549.0,0.0,1.0
36437,House,4217,42,,,Conor,Lamb,DEM,D,221156.0,1.0,1.0
36439,House,4218,42,,,Mike,Doyle,DEM,D,265075.0,1.0,1.0
36762,House,4401,44,,,David,Cicilline,DEM,D,157854.0,1.0,1.0
33635,House,3707,37,,,Christopher,Ward,DEM,D,179053.0,0.0,1.0
8857,House,1718,17,,,George,Petrilli,DEM,D,107951.0,0.0,1.0
52371,House,5600,56,,,Lynnette,Grey Bull,DEM,D,66576.0,0.0,1.0
4322,House,801,8,,,Diana,DeGette,DEM,D,331624.0,1.0,1.0
5851,House,1218,12,,,Pam,Keith,DEM,D,186674.0,0.0,1.0
2545,House,623,6,,,Kim,Mangone,DEM,D,111226.0,0.0,1.0
5848,House,1217,12,,,Allen,Ellison,DEM,D,140487.0,0.0,1.0
2546,House,624,6,,,Salud,Carbajal,DEM,D,207853.0,1.0,1.0
5846,House,1216,12,,,Margaret,Good,DEM,D,215683.0,0.0,1.0
2548,House,626,6,,,Julia,Brownley,DEM,D,208137.0,1.0,1.0
5844,House,1215,12,,,Alan,Cohn,DEM,D,174297.0,0.0,1.0
2550,House,627,6,,,Judy,Chu,DEM,D,219814.0,1.0,1.0
5841,House,1214,12,,,Kathy,Castor,DEM,D,224240.0,1.0,1.0
2552,House,628,6,,,Adam,Schiff,DEM,D,242410.0,1.0,1.0
2543,House,622,6,,,Phil,Arballo,DEM,D,142569.0,0.0,1.0
5838,House,1213,12,,,Charlie,Crist,DEM,D,215405.0,1.0,1.0
2554,House,629,6,,,Tony,Cardenas,DEM,D,118421.0,1.0,1.0
5835,House,1211,12,,,Dana,Cottrell,DEM,D,158094.0,0.0,1.0
2555,House,629,6,,,Angelica,Duenas,DEM,D,90669.0,1.0,1.0
2556,House,602,6,,,Jared,Huffman,DEM,D,272909.0,1.0,1.0
5831,House,1210,12,,,Val,Demings,DEM,D,239434.0,1.0,1.0
2558,House,630,6,,,Brad,Sherman,DEM,D,238547.0,1.0,1.0
5828,House,1209,12,,,Darren,Soto,DEM,D,240724.0,1.0,1.0
5827,House,1208,12,,,Jim,Kennedy,DEM,D,177695.0,0.0,1.0
2560,House,631,6,,,Pete,Aguilar,DEM,D,169439.0,1.0,1.0
5823,House,1207,12,,,Stephanie,Murphy,DEM,D,224946.0,1.0,1.0
5837,House,1212,12,,,Kimberly,Walker,DEM,D,168194.0,0.0,1.0
2562,House,632,6,,,Grace,Napolitano,DEM,D,171558.0,1.0,1.0
5854,House,1219,12,,,Cindy,Banyai,DEM,D,172146.0,0.0,1.0
2540,House,620,6,,,Jimmy,Panetta,DEM,D,235200.0,1.0,1.0
6889,House,1306,13,,,Lucy,McBath,DEM,D,216775.0,1.0,1.0
2522,House,612,6,,,Nancy,Pelosi,DEM,D,281538.0,1.0,1.0
2523,House,612,6,,,Shahid,Buttar,DEM,D,81062.0,1.0,1.0
6887,House,1305,13,,,Nikema,Williams,DEM,D,301854.0,1.0,1.0
2524,House,613,6,,,Barbara,Lee,DEM,D,327278.0,1.0,1.0
6885,House,1304,13,,,Hank,Johnson,DEM,D,278823.0,1.0,1.0
6883,House,1303,13,,,Val,Almonord,DEM,D,129054.0,0.0,1.0
2526,House,614,6,,,Jackie,Speier,DEM,D,275812.0,1.0,1.0
6880,House,1302,13,,,Sanford,Bishop,DEM,D,161398.0,1.0,1.0
6879,House,1301,13,,,Joyce,Griggs,DEM,D,135383.0,0.0,1.0
5858,House,1221,12,,,Lois,Frankel,DEM,D,237925.0,1.0,1.0
2528,House,615,6,,,Eric,Swalwell,DEM,D,241808.0,1.0,1.0
2530,House,616,6,,,Jim,Costa,DEM,D,126299.0,1.0,1.0
5873,House,1226,12,,,Debbie,Mucarsel-Powell,DEM,D,165407.0,1.0,1.0
2532,House,617,6,,,Ro,Khanna,DEM,D,211396.0,1.0,1.0
2534,House,618,6,,,Anna,Eshoo,DEM,D,216239.0,1.0,1.0
2535,House,618,6,,,Rishi,Kumar,DEM,D,125982.0,1.0,1.0
5867,House,1224,12,,,Frederica,Wilson,DEM,D,218825.0,1.0,1.0
2536,House,619,6,,,Zoe,Lofgren,DEM,D,212908.0,1.0,1.0
5864,House,1223,12,,,Debbie,Wasserman Schultz,DEM,D,221239.0,1.0,1.0
5862,House,1222,12,,,Ted,Deutch,DEM,D,235764.0,1.0,1.0
2539,House,601,6,,,Audrey,Denney,DEM,D,150611.0,0.0,1.0
5875,House,1227,12,,,Donna,Shalala,DEM,D,166758.0,1.0,1.0
2520,House,611,6,,,Mark,DeSaulnier,DEM,D,266074.0,1.0,1.0
5821,House,1206,12,,,Clint,Curtis,DEM,D,172305.0,0.0,1.0
2564,House,633,6,,,Ted,Lieu,DEM,D,255385.0,1.0,1.0
2586,House,644,6,,,Nanette,Barragan,DEM,D,138539.0,1.0,1.0
4327,House,802,8,,,Joe,Neguse,DEM,D,316916.0,1.0,1.0
2587,House,644,6,,,Analilia,Joya,DEM,D,65629.0,1.0,1.0
2588,House,645,6,,,Katie,Porter,DEM,D,217129.0,1.0,1.0
8854,House,1717,17,,,Cheri,Bustos,DEM,D,154010.0,1.0,1.0
2623,House,639,6,,,Gil,Cisneros,DEM,D,166318.0,1.0,1.0
2590,House,646,6,,,Lou,Correa,DEM,D,152858.0,1.0,1.0
2621,House,625,6,,,Christy,Smith,DEM,D,167595.0,0.0,1.0
2592,House,647,6,,,Alan,Lowenthal,DEM,D,194643.0,1.0,1.0
2619,House,621,6,,,TJ,Cox,DEM,D,80266.0,1.0,1.0
4332,House,803,8,,,Diane,Mitsch Bush,DEM,D,193980.0,0.0,1.0
2616,House,609,6,,,Jerry,McNerney,DEM,D,166571.0,1.0,1.0
2615,House,608,6,,,Christine,Bubser,DEM,D,119951.0,0.0,1.0
2596,House,649,6,,,Mike,Levin,DEM,D,204072.0,1.0,1.0
2612,House,607,6,,,Ami,Bera,DEM,D,215070.0,1.0,1.0
2599,House,604,6,,,Brynne,Kennedy,DEM,D,187355.0,0.0,1.0
2610,House,606,6,,,Doris,Matsui,DEM,D,222622.0,1.0,1.0
2608,House,605,6,,,Mike,Thompson,DEM,D,260119.0,1.0,1.0
2607,House,653,6,,,Georgette,Gomez,DEM,D,135326.0,1.0,1.0
2601,House,650,6,,,Ammar,Campa-Najjar,DEM,D,166062.0,0.0,1.0
2606,House,653,6,,,Sara,Jacobs,DEM,D,198903.0,1.0,1.0
2602,House,651,6,,,Juan,Vargas,DEM,D,162151.0,1.0,1.0
2595,House,648,6,,,Harley,Rouda,DEM,D,191341.0,1.0,1.0
5818,House,1205,12,,,Al,Lawson,DEM,D,219463.0,1.0,1.0
2584,House,643,6,,,Maxine,Waters,DEM,D,197554.0,1.0,1.0
4336,House,804,8,,,Ike,McCorkle,DEM,D,173940.0,0.0,1.0
5816,House,1204,12,,,Donna,Deegan,DEM,D,196423.0,0.0,1.0
2566,House,634,6,,,Jimmy,Gomez,DEM,D,107838.0,1.0,1.0
5814,House,1203,12,,,Adam,Christensen,DEM,D,167326.0,0.0,1.0
2567,House,634,6,,,David,Kim,DEM,D,95588.0,1.0,1.0
2568,House,635,6,,,Norma,Torres,DEM,D,164266.0,1.0,1.0
5809,House,1201,12,,,Phil,Ehr,DEM,D,149172.0,0.0,1.0
2570,House,636,6,,,Raul,Ruiz,DEM,D,179389.0,1.0,1.0
5254,House,1000,10,,,Lisa,Blunt Rochester,DEM,D,281382.0,1.0,1.0
2572,House,637,6,,,Karen,Bass,DEM,D,252983.0,1.0,1.0
5218,House,905,9,,,Jahana,Hayes,DEM,D,192543.0,1.0,1.0
2583,House,642,6,,,Liam,O'Mara,DEM,D,153284.0,0.0,1.0
2574,House,638,6,,,Linda,Sanchez,DEM,D,188915.0,1.0,1.0
2575,House,638,6,,,Michael,Tolar,DEM,D,65202.0,1.0,1.0
5211,House,903,9,,,Rosa,DeLauro,DEM,D,238717.0,1.0,1.0
2576,House,603,6,,,John,Garamendi,DEM,D,158842.0,1.0,1.0
5207,House,902,9,,,Joe,Courtney,DEM,D,217982.0,1.0,1.0
2578,House,640,6,,,Lucille,Roybal-Allard,DEM,D,134392.0,1.0,1.0
5204,House,901,9,,,John,Larson,DEM,D,224442.0,1.0,1.0
2580,House,641,6,,,Mark,Takano,DEM,D,162340.0,1.0,1.0
4348,House,807,8,,,Ed,Perlmutter,DEM,D,250524.0,1.0,1.0
4344,House,806,8,,,Jason,Crow,DEM,D,250366.0,1.0,1.0
4340,House,805,8,,,Jillian,Freeland,DEM,D,161399.0,0.0,1.0
5214,House,904,9,,,Jim,Himes,DEM,D,225598.0,1.0,1.0
6891,House,1307,13,,,Carolyn,Bourdeaux,DEM,D,190900.0,0.0,1.0
5856,House,1220,12,,,Alcee,Hastings,DEM,D,253661.0,1.0,1.0
2604,House,652,6,,,Scott,Peters,DEM,D,243839.0,1.0,1.0
8846,House,1713,17,,,Betsy,Londrigan,DEM,D,150316.0,0.0,1.0
6906,House,1313,13,,,David,Scott,DEM,D,278707.0,1.0,1.0
8844,House,1712,17,,,Raymond,Lenzi,DEM,D,125511.0,0.0,1.0
484,House,104,1,,,Rick,Neighbors,DEM,D,50730.0,0.0,1.0
6909,House,1314,13,,,Kevin,Van Ausdal,DEM,D,76860.0,0.0,1.0
6943,House,1501,15,,,Ed,Case,DEM,D,183245.0,1.0,1.0
8841,House,1711,17,,,Bill,Foster,DEM,D,193437.0,1.0,1.0
488,House,107,1,,,Terri,Sewell,DEM,D,224995.0,1.0,1.0
6945,House,1502,15,,,Kai,Kahele,DEM,D,171454.0,1.0,1.0
1003,House,408,4,,,Michael,Muscato,DEM,D,170816.0,0.0,1.0
8838,House,1710,17,,,Brad,Schneider,DEM,D,197216.0,1.0,1.0
7462,House,1601,16,,,Rudy,Soto,DEM,D,126995.0,0.0,1.0
901,House,200,2,,,Alyse,Galvin,DEM,D,156754.0,0.0,1.0
1000,House,407,4,,,Ruben,Gallego,DEM,D,165452.0,1.0,1.0
987,House,401,4,,,Tom,O'Halleran,DEM,D,187860.0,1.0,1.0
8836,House,1709,17,,,Jan,Schakowsky,DEM,D,251947.0,1.0,1.0
7465,House,1602,16,,,Aaron,Swisher,DEM,D,118955.0,0.0,1.0
8834,House,1708,17,,,Raja,Krishnamoorthi,DEM,D,183308.0,1.0,1.0
999,House,406,4,,,Hiral,Tipirneni,DEM,D,199644.0,0.0,1.0
8817,House,1701,17,,,Bobby,Rush,DEM,D,231568.0,1.0,1.0
989,House,402,4,,,Ann,Kirkpatrick,DEM,D,209945.0,1.0,1.0
8831,House,1707,17,,,Danny,Davis,DEM,D,244014.0,1.0,1.0
8819,House,1702,17,,,Robin,Kelly,DEM,D,226946.0,1.0,1.0
997,House,405,4,,,Joan,Greene,DEM,D,183171.0,0.0,1.0
8828,House,1706,17,,,Sean,Casten,DEM,D,212211.0,1.0,1.0
8821,House,1703,17,,,Marie,Newman,DEM,D,164946.0,1.0,1.0
991,House,403,4,,,Raul,Grijalva,DEM,D,174243.0,1.0,1.0
8823,House,1704,17,,,"Jesus ""Chuy""",Garcia,DEM,D,182084.0,1.0,1.0
994,House,404,4,,,Delina,DiSanto,DEM,D,119430.0,0.0,1.0
482,House,103,1,,,Adia,Winfrey,DEM,D,103051.0,0.0,1.0
6905,House,1312,13,,,Liz,Johnson,DEM,D,129061.0,0.0,1.0
1004,House,409,4,,,Greg,Stanton,DEM,D,217094.0,1.0,1.0
8825,House,1705,17,,,Mike,Quigley,DEM,D,248275.0,1.0,1.0
8847,House,1714,17,,,Lauren,Underwood,DEM,D,200693.0,1.0,1.0
6900,House,1310,13,,,Tabitha,Johnson-Green,DEM,D,142644.0,0.0,1.0
8850,House,1715,17,,,Erika,Weaver,DEM,D,91405.0,0.0,1.0
2151,House,503,5,,,Celeste,Williams,DEM,D,106325.0,0.0,1.0
6903,House,1311,13,,,Dana,Barrett,DEM,D,160623.0,0.0,1.0
6897,House,1309,13,,,Devin,Pandy,DEM,D,79797.0,0.0,1.0
2154,House,504,5,,,William,Hanson,DEM,D,76001.0,0.0,1.0
2518,House,610,6,,,Josh,Harder,DEM,D,162998.0,1.0,1.0
8852,House,1716,17,,,Dani,Brzozowski,DEM,D,115354.0,0.0,1.0
479,House,102,1,,,Phyllis,Harvey-Hall,DEM,D,104592.0,0.0,1.0
6894,House,1308,13,,,Lindsay,Holliday,DEM,D,109263.0,0.0,1.0
477,House,101,1,,,James,Averhart,DEM,D,96363.0,0.0,1.0
2149,House,502,5,,,Joyce,Elliott,DEM,D,148410.0,0.0,1.0
36766,House,4402,44,,,Robert,Lancia,REP,R,109855.0,0.0,1.0
52197,House,5507,55,,,Tom,Tiffany,REP,R,252046.0,1.0,1.0
37149,House,4503,45,,,Jeff,Duncan,REP,R,237544.0,1.0,1.0
51013,House,5309,53,,,Doug,Basler,REP,R,89463.0,0.0,1.0
36431,House,4214,42,,,Guy,Reschenthaler,REP,R,238361.0,1.0,1.0
34896,House,3916,39,,,Anthony,Gonzalez,REP,R,246492.0,1.0,1.0
36429,House,4213,42,,,John,Joyce,REP,R,267358.0,1.0,1.0
2600,House,650,6,,,Darrell,Issa,REP,R,194448.0,1.0,1.0
35757,House,4001,40,,,Kevin,Hern,REP,R,213700.0,1.0,1.0
36427,House,4212,42,,,Fred,Keller,REP,R,240704.0,1.0,1.0
34891,House,3914,39,,,David,Joyce,REP,R,236260.0,1.0,1.0
2579,House,640,6,,,C. Antonio,Delgado,REP,R,50202.0,0.0,1.0
51003,House,5305,53,,,Cathy,McMorris Rodgers,REP,R,245853.0,1.0,1.0
2577,House,603,6,,,Tamika,Hamilton,REP,R,128226.0,0.0,1.0
988,House,401,4,,,Tiffany,Shedd,REP,R,175267.0,0.0,1.0
992,House,403,4,,,Daniel,Wood,REP,R,95594.0,0.0,1.0
36433,House,4215,42,,,Glenn,Thompson,REP,R,254770.0,1.0,1.0
2569,House,635,6,,,Mike,Cargile,REP,R,72636.0,0.0,1.0
51006,House,5306,53,,,Elizabeth,Kreiselmaier,REP,R,168101.0,0.0,1.0
34893,House,3915,39,,,Steve,Stivers,REP,R,240225.0,1.0,1.0
2571,House,636,6,,,Erin,Cruz,REP,R,117547.0,0.0,1.0
36440,House,4218,42,,,Luke,Negron,REP,R,117941.0,0.0,1.0
990,House,402,4,,,Brandon,Martin,REP,R,170975.0,0.0,1.0
37144,House,4501,45,,,Nancy,Mace,REP,R,216042.0,0.0,1.0
36438,House,4217,42,,,Sean,Parnell,REP,R,211306.0,0.0,1.0
37146,House,4502,45,,,Joe,Wilson,REP,R,202715.0,1.0,1.0
52199,House,5508,55,,,Mike,Gallagher,REP,R,268173.0,1.0,1.0
2573,House,637,6,,,Errol,Webber,REP,R,41186.0,0.0,1.0
36425,House,4211,42,,,Lloyd,Smucker,REP,R,241906.0,1.0,1.0
36435,House,4216,42,,,Mike,Kelly,REP,R,209448.0,1.0,1.0
51010,House,5308,53,,,Jesse,Jensen,REP,R,197390.0,0.0,1.0
51008,House,5307,53,,,Craig,Keller,REP,R,78046.0,0.0,1.0
478,House,102,1,,,Barry,Moore,REP,R,197329.0,1.0,1.0
2594,House,648,6,,,Michelle,Steel,REP,R,199133.0,0.0,1.0
2581,House,641,6,,,Aja,Smith,REP,R,91060.0,0.0,1.0
36408,House,4202,42,,,David,Torres,REP,R,75083.0,0.0,1.0
481,House,103,1,,,Mike,Rogers,REP,R,214731.0,1.0,1.0
35768,House,4005,40,,,Stephanie,Bice,REP,R,158191.0,0.0,1.0
2589,House,645,6,,,Greg,Raths,REP,R,188848.0,0.0,1.0
36405,House,4201,42,,,Brian,Fitzpatrick,REP,R,249601.0,1.0,1.0
52186,House,5502,55,,,Peter,Theron,REP,R,138306.0,0.0,1.0
36182,House,4105,41,,,Amy,Ryan Courser,REP,R,203508.0,0.0,1.0
483,House,104,1,,,Robert,Aderholt,REP,R,246668.0,1.0,1.0
36179,House,4104,41,,,Alek,Skarlatos,REP,R,214739.0,0.0,1.0
52188,House,5503,55,,,Derrick,Van Orden,REP,R,189619.0,0.0,1.0
2591,House,646,6,,,James,Waters,REP,R,69363.0,0.0,1.0
36175,House,4103,41,,,Joanna,Harbour,REP,R,110405.0,0.0,1.0
52192,House,5505,55,,,Scott,Fitzgerald,REP,R,265434.0,1.0,1.0
52190,House,5504,55,,,Tim,Rogers,REP,R,70769.0,0.0,1.0
2593,House,647,6,,,John,Briscoe,REP,R,112106.0,0.0,1.0
36171,House,4102,41,,,Cliff,Bentz,REP,R,271085.0,1.0,1.0
36170,House,4101,41,,,Christopher,Christensen,REP,R,161360.0,0.0,1.0
35765,House,4004,40,,,Tom,Cole,REP,R,213096.0,1.0,1.0
2597,House,649,6,,,Brian,Maryott,REP,R,179457.0,0.0,1.0
485,House,105,1,,,Mo,Brooks,REP,R,251896.0,1.0,1.0
52183,House,5501,55,,,Bryan,Steil,REP,R,238271.0,1.0,1.0
35760,House,4002,40,,,Markwayne,Mullin,REP,R,216511.0,1.0,1.0
36421,House,4209,42,,,Daniel,Meuser,REP,R,229771.0,1.0,1.0
2598,House,604,6,,,Tom,McClintock,REP,R,236151.0,1.0,1.0
36420,House,4208,42,,,Jim,Bognet,REP,R,166145.0,0.0,1.0
900,House,200,2,,,Don,Young,REP,R,188154.0,1.0,1.0
2582,House,642,6,,,Ken,Calvert,REP,R,203556.0,1.0,1.0
52194,House,5506,55,,,Glenn,Grothman,REP,R,238874.0,1.0,1.0
35763,House,4003,40,,,Frank,Lucas,REP,R,242677.0,1.0,1.0
51495,House,5401,54,,,David,McKinley,REP,R,180260.0,1.0,1.0
36418,House,4207,42,,,Lisa,Scheller,REP,R,179512.0,0.0,1.0
36416,House,4206,42,,,John,Emmons,REP,R,174978.0,0.0,1.0
51500,House,5403,54,,,Carol,Miller,REP,R,161501.0,1.0,1.0
37151,House,4504,45,,,William,Timmons,REP,R,222126.0,1.0,1.0
36414,House,4205,42,,,Dasha,Pruett,REP,R,139650.0,0.0,1.0
2585,House,643,6,,,Joe,Collins,REP,R,78028.0,0.0,1.0
36412,House,4204,42,,,Kathy,Barnette,REP,R,179164.0,0.0,1.0
486,House,106,1,,,Gary,Palmer,REP,R,273205.0,1.0,1.0
36410,House,4203,42,,,Michael,Harvey,REP,R,33728.0,0.0,1.0
51498,House,5402,54,,,Alex,Mooney,REP,R,172195.0,1.0,1.0
36423,House,4210,42,,,Scott,Perry,REP,R,208854.0,1.0,1.0
2519,House,610,6,,,Ted,Howze,REP,R,132334.0,0.0,1.0
37154,House,4505,45,,,Ralph,Norman,REP,R,220005.0,1.0,1.0
41842,House,4822,48,,,Troy,Nehls,REP,R,209842.0,1.0,1.0
2533,House,617,6,,,Ritesh,Tandon,REP,R,84887.0,0.0,1.0
41839,House,4821,48,,,Chip,Roy,REP,R,234026.0,1.0,1.0
41837,House,4820,48,,,Mauro,Garza,REP,R,88171.0,0.0,1.0
50728,House,5101,51,,,Rob,Wittman,REP,R,260706.0,1.0,1.0
41833,House,4819,48,,,Jodey,Arrington,REP,R,197509.0,1.0,1.0
2148,House,502,5,,,French,Hill,REP,R,184093.0,1.0,1.0
41830,House,4818,48,,,Wendell,Champion,REP,R,58033.0,0.0,1.0
2147,House,501,5,,,Rick,Crawford,REP,R,237381.0,1.0,1.0
2537,House,619,6,,,Justin,Aguilera,REP,R,83786.0,0.0,1.0
50731,House,5102,51,,,Scott,Taylor,REP,R,164419.0,0.0,1.0
41826,House,4817,48,,,Pete,Sessions,REP,R,171115.0,1.0,1.0
41825,House,4816,48,,,Irene,Armendariz-Jackson,REP,R,80762.0,0.0,1.0
1005,House,409,4,,,Dave,Giles,REP,R,135180.0,0.0,1.0
2538,House,601,6,,,Doug,LaMalfa,REP,R,198019.0,1.0,1.0
41822,House,4815,48,,,Monica,De La Cruz-Hernandez,REP,R,108503.0,0.0,1.0
50734,House,5103,51,,,John,Collick,REP,R,107299.0,0.0,1.0
41819,House,4814,48,,,Randy,Weber,REP,R,189691.0,1.0,1.0
2541,House,620,6,,,Jeff,Gorman,REP,R,71122.0,0.0,1.0
41816,House,4813,48,,,Ronny,Jackson,REP,R,220112.0,1.0,1.0
2542,House,622,6,,,Devin,Nunes,REP,R,168912.0,1.0,1.0
47747,House,5000,50,,,Miram,Berry,REP,R,95830.0,0.0,1.0
34889,House,3913,39,,,Christina,Hagan,REP,R,146626.0,0.0,1.0
41845,House,4823,48,,,Tony,Gonzales,REP,R,147502.0,1.0,1.0
41848,House,4824,48,,,Beth,Van Duyne,REP,R,167910.0,1.0,1.0
41892,House,4836,48,,,Brian,Babin,REP,R,222392.0,1.0,1.0
41885,House,4834,48,,,Rey,Gonzalez,REP,R,83848.0,0.0,1.0
41880,House,4833,48,,,Fabian,Vasquez,REP,R,39638.0,0.0,1.0
2521,House,611,6,,,Nisha,Sharma,REP,R,97913.0,0.0,1.0
41876,House,4832,48,,,Genevieve,Collins,REP,R,157867.0,0.0,1.0
42170,House,4901,49,,,Blake,Moore,REP,R,237988.0,1.0,1.0
41871,House,4831,48,,,John,Carter,REP,R,210768.0,1.0,1.0
41869,House,4830,48,,,Tre,Pennie,REP,R,48685.0,0.0,1.0
42173,House,4902,49,,,Chris,Stewart,REP,R,208997.0,1.0,1.0
2153,House,504,5,,,Bruce,Westerman,REP,R,194203.0,1.0,1.0
41866,House,4829,48,,,Jaimy,Blanco,REP,R,42840.0,0.0,1.0
2525,House,613,6,,,Nikka,Piterman,REP,R,34850.0,0.0,1.0
41863,House,4828,48,,,Sandra,Whitten,REP,R,91190.0,0.0,1.0
42176,House,4903,49,,,John,Curtis,REP,R,246674.0,1.0,1.0
2527,House,614,6,,,Ran,Petel,REP,R,72030.0,0.0,1.0
41859,House,4827,48,,,Michael,Cloud,REP,R,171834.0,1.0,1.0
42180,House,4904,49,,,Burgess,Owens,REP,R,177170.0,0.0,1.0
41856,House,4826,48,,,Michael,Burgess,REP,R,261963.0,1.0,1.0
2529,House,615,6,,,Alison,Hayden,REP,R,99067.0,0.0,1.0
2150,House,503,5,,,Steve,Womack,REP,R,214960.0,1.0,1.0
41853,House,4825,48,,,Roger,Williams,REP,R,219615.0,1.0,1.0
2531,House,616,6,,,Kevin,Cookingham,REP,R,86669.0,0.0,1.0
993,House,404,4,,,Paul,Gosar,REP,R,274686.0,1.0,1.0
41813,House,4812,48,,,Kay,Granger,REP,R,233366.0,1.0,1.0
41810,House,4811,48,,,August,Pfluger,REP,R,231842.0,1.0,1.0
998,House,406,4,,,David,Schweikert,REP,R,217783.0,1.0,1.0
39455,House,4707,47,,,Mark,Green,REP,R,244623.0,1.0,1.0
50749,House,5111,51,,,Manga,Anantatmula,REP,R,111380.0,0.0,1.0
2557,House,602,6,,,Dale,Mensing,REP,R,82501.0,0.0,1.0
39452,House,4706,47,,,John,Rose,REP,R,257219.0,1.0,1.0
2559,House,630,6,,,Mark,Reed,REP,R,104454.0,0.0,1.0
50995,House,5301,53,,,Jeffrey,Beeler,REP,R,175512.0,0.0,1.0
39449,House,4704,47,,,Scott,DesJarlais,REP,R,223200.0,1.0,1.0
996,House,405,4,,,Andy,Biggs,REP,R,262414.0,1.0,1.0
39445,House,4703,47,,,Chuck,Fleischmann,REP,R,215318.0,1.0,1.0
2561,House,631,6,,,Agnes,Gibboney,REP,R,107203.0,0.0,1.0
39442,House,4702,47,,,Tim,Burchett,REP,R,238447.0,1.0,1.0
41889,House,4835,48,,,Jenny,Sharon,REP,R,80153.0,0.0,1.0
50998,House,5303,53,,,Jaime,Herrera Beutler,REP,R,234969.0,1.0,1.0
39439,House,4701,47,,,Diana,Harshbarger,REP,R,227838.0,1.0,1.0
37497,House,4600,46,,,Dusty,Johnson,REP,R,321984.0,1.0,1.0
2563,House,632,6,,,Joshua,Scott,REP,R,86124.0,0.0,1.0
37159,House,4507,45,,,Tom,Rice,REP,R,224993.0,1.0,1.0
37157,House,4506,45,,,John,McCollum,REP,R,89258.0,0.0,1.0
2565,House,633,6,,,James,Bradley,REP,R,122242.0,0.0,1.0
51000,House,5304,53,,,Dan,Newhouse,REP,R,201042.0,1.0,1.0
39459,House,4708,47,,,David,Kustoff,REP,R,226949.0,1.0,1.0
50736,House,5104,51,,,Leon,Benjamin,REP,R,152738.0,0.0,1.0
50747,House,5110,51,,,Aliscia,Andrews,REP,R,206336.0,0.0,1.0
41779,House,4801,48,,,Louie,Gohmert,REP,R,218385.0,1.0,1.0
2544,House,623,6,,,Kevin,McCarthy,REP,R,179615.0,1.0,1.0
50737,House,5105,51,,,Bob,Good,REP,R,211012.0,1.0,1.0
41807,House,4810,48,,,Michael,McCaul,REP,R,216927.0,1.0,1.0
41805,House,4809,48,,,Johnny,Teague,REP,R,49250.0,0.0,1.0
50739,House,5106,51,,,Ben,Cline,REP,R,246427.0,1.0,1.0
41801,House,4808,48,,,Kevin,Brady,REP,R,277124.0,1.0,1.0
41799,House,4807,48,,,Wesley,Hunt,REP,R,149054.0,0.0,1.0
1002,House,408,4,,,Debbie,Lesko,REP,R,251633.0,1.0,1.0
2547,House,624,6,,,Andy,Caldwell,REP,R,145930.0,0.0,1.0
41795,House,4806,48,,,Ron,Wright,REP,R,179428.0,1.0,1.0
1001,House,407,4,,,Joshua,Barnett,REP,R,50226.0,0.0,1.0
2549,House,626,6,,,Ronda,Baldwin-Kennedy,REP,R,135316.0,0.0,1.0
41792,House,4805,48,,,Lance,Gooden,REP,R,173308.0,1.0,1.0
50742,House,5107,51,,,Nick,Freitas,REP,R,224679.0,0.0,1.0
41788,House,4804,48,,,Pat,Fallon,REP,R,255157.0,1.0,1.0
2551,House,627,6,,,Johnny,Nalbandian,REP,R,94983.0,0.0,1.0
41785,House,4803,48,,,Van,Taylor,REP,R,230512.0,1.0,1.0
50744,House,5108,51,,,Jeff,Jordan,REP,R,95365.0,0.0,1.0
41781,House,4802,48,,,Dan,Crenshaw,REP,R,197300.0,1.0,1.0
50745,House,5109,51,,,Morgan,Griffith,REP,R,271851.0,1.0,1.0
2553,House,628,6,,,Eric,Early,REP,R,90980.0,0.0,1.0
39464,House,4709,47,,,Charlotte,Bergmann,REP,R,48688.0,0.0,1.0
50997,House,5302,53,,,Timothy,Hazelo,REP,R,147616.0,0.0,1.0
8855,House,1717,17,,,Esther Joy,King,REP,R,142636.0,0.0,1.0
34885,House,3912,39,,,Troy,Balderson,REP,R,239734.0,1.0,1.0
23876,House,2607,26,,,Tim,Walberg,REP,R,227518.0,1.0,1.0
23872,House,2606,26,,,Fred,Upton,REP,R,211496.0,1.0,1.0
23869,House,2605,26,,,Tim,Kelly,REP,R,151397.0,0.0,1.0
6886,House,1304,13,,,Johsie,Ezammudeen,REP,R,69386.0,0.0,1.0
23864,House,2604,26,,,John,Moolenaar,REP,R,243373.0,1.0,1.0
6888,House,1305,13,,,Angela,Stanton-King,REP,R,52646.0,0.0,1.0
23862,House,2603,26,,,Peter,Meijer,REP,R,213649.0,0.0,1.0
23857,House,2602,26,,,Bill,Huizenga,REP,R,238158.0,1.0,1.0
6890,House,1306,13,,,Karen,Handel,REP,R,180329.0,0.0,1.0
23854,House,2601,26,,,Jack,Bergman,REP,R,256644.0,1.0,1.0
22869,House,2509,25,,,Helen,Brady,REP,R,152416.0,0.0,1.0
6892,House,1307,13,,,Rich,McCormick,REP,R,180564.0,1.0,1.0
6882,House,1303,13,,,Drew,Ferguson,REP,R,240134.0,1.0,1.0
6893,House,1308,13,,,Austin,Scott,REP,R,198698.0,1.0,1.0
22857,House,2505,25,,,Caroline,Colarusso,REP,R,96783.0,0.0,1.0
6896,House,1309,13,,,Andrew,Clyde,REP,R,292747.0,1.0,1.0
22854,House,2504,25,,,Julie,Hall,REP,R,147243.0,0.0,1.0
6899,House,1310,13,,,Jody,Hice,REP,R,235810.0,1.0,1.0
22849,House,2502,25,,,Tracy,Lovvorn,REP,R,124835.0,0.0,1.0
6902,House,1311,13,,,Barry,Loudermilk,REP,R,245259.0,1.0,1.0
20028,House,2408,24,,,Gregory,Coll,REP,R,123460.0,0.0,1.0
20025,House,2407,24,,,Kimberly,Klacik,REP,R,90562.0,0.0,1.0
6904,House,1312,13,,,Rick,Allen,REP,R,181039.0,1.0,1.0
20022,House,2406,24,,,Neil,Parrott,REP,R,140163.0,0.0,1.0
20020,House,2405,24,,,Chris,Palombi,REP,R,123084.0,0.0,1.0
20018,House,2404,24,,,George,McDermott,REP,R,71185.0,0.0,1.0
22860,House,2506,25,,,John,Moran,REP,R,138621.0,0.0,1.0
23879,House,2608,26,,,Paul,Junge,REP,R,202519.0,0.0,1.0
6881,House,1302,13,,,Don,Cole,REP,R,111615.0,0.0,1.0
23882,House,2609,26,,,Charles,Langworthy,REP,R,153677.0,0.0,1.0
26923,House,2901,29,,,Anthony,Rogers,REP,R,59156.0,0.0,1.0
26275,House,2804,28,,,Steven,Palazzo,REP,R,255960.0,1.0,1.0
5859,House,1221,12,,,Laura,Loomer,REP,R,157612.0,0.0,1.0
26273,House,2803,28,,,Michael,Guest,REP,R,218820.0,1.0,1.0
26271,House,2802,28,,,Brian,Flowers,REP,R,95979.0,0.0,1.0
5863,House,1222,12,,,James,Pruden,REP,R,166553.0,0.0,1.0
26267,House,2801,28,,,Trent,Kelly,REP,R,225607.0,1.0,1.0
25101,House,2708,27,,,Pete,Stauber,REP,R,223363.0,1.0,1.0
5865,House,1223,12,,,Carla,Spalding,REP,R,158874.0,0.0,1.0
25097,House,2707,27,,,Michelle,Fischbach,REP,R,187483.0,0.0,1.0
25095,House,2706,27,,,Tom,Emmer,REP,R,271153.0,1.0,1.0
25093,House,2705,27,,,Lacy,Johnson,REP,R,102878.0,0.0,1.0
5868,House,1224,12,,,Lavern,Spicer,REP,R,59084.0,0.0,1.0
25090,House,2704,27,,,Gene,Rechtzigel,REP,R,111641.0,0.0,1.0
52370,House,5600,56,,,Liz,Cheney,REP,R,185732.0,1.0,1.0
25088,House,2703,27,,,Kendall,Qualls,REP,R,194596.0,0.0,1.0
5871,House,1225,12,,,Mario,Diaz-Balart,REP,R,0.0,1.0,1.0
25085,House,2702,27,,,Tyler,Kistner,REP,R,194414.0,0.0,1.0
5872,House,1226,12,,,Carlos,Gimenez,REP,R,177223.0,0.0,1.0
25081,House,2701,27,,,Jim,Hagedorn,REP,R,179150.0,1.0,1.0
23899,House,2614,26,,,R. Vance,Patrick,REP,R,62664.0,0.0,1.0
5874,House,1227,12,,,Maria Elvira,Salazar,REP,R,176141.0,0.0,1.0
23894,House,2613,26,,,David,Dudenhoefer,REP,R,53311.0,0.0,1.0
23891,House,2612,26,,,Jeff,Jones,REP,R,117730.0,0.0,1.0
6878,House,1301,13,,,Buddy,Carter,REP,R,189579.0,1.0,1.0
23888,House,2611,26,,,Eric,Esshaki,REP,R,215405.0,0.0,1.0
23885,House,2610,26,,,Lisa,McClain,REP,R,271812.0,1.0,1.0
6907,House,1313,13,,,Becky,Hites,REP,R,81282.0,0.0,1.0
20016,House,2403,24,,,Charles,Anthony,REP,R,110065.0,0.0,1.0
6908,House,1314,13,,,Marjorie Taylor,Greene,REP,R,227885.0,1.0,1.0
20014,House,2402,24,,,Johnny,Salling,REP,R,103220.0,0.0,1.0
8832,House,1707,17,,,Craig,Cameron,REP,R,40755.0,0.0,1.0
11505,House,2004,20,,,Ron,Estes,REP,R,197433.0,1.0,1.0
11503,House,2003,20,,,Amanda,Adkins,REP,R,174163.0,0.0,1.0
11499,House,2002,20,,,Jake,LaTurner,REP,R,182145.0,1.0,1.0
8837,House,1709,17,,,Sargis,Sangari,REP,R,104390.0,0.0,1.0
11497,House,2001,20,,,Tracey,Mann,REP,R,204275.0,1.0,1.0
10840,House,1904,19,,,Randy,Feenstra,REP,R,237369.0,1.0,1.0
10838,House,1903,19,,,David,Young,REP,R,212997.0,0.0,1.0
8839,House,1710,17,,,Valerie,Mukherjee,REP,R,112291.0,0.0,1.0
10835,House,1902,19,,,Mariannette,Miller-Meeks,REP,R,196860.0,0.0,1.0
8842,House,1711,17,,,Rick,Laib,REP,R,112286.0,0.0,1.0
10833,House,1901,19,,,Ashley,Hinson,REP,R,212088.0,0.0,1.0
8843,House,1712,17,,,Mike,Bost,REP,R,192807.0,1.0,1.0
9215,House,1809,18,,,Trey,Hollingsworth,REP,R,222022.0,1.0,1.0
9212,House,1808,18,,,Larry,Bucshon,REP,R,214643.0,1.0,1.0
9211,House,1807,18,,,Susan,Smith,REP,R,106146.0,0.0,1.0
8845,House,1713,17,,,Rodney,Davis,REP,R,180176.0,1.0,1.0
9207,House,1806,18,,,Greg,Pence,REP,R,225318.0,1.0,1.0
9204,House,1805,18,,,Victoria,Spartz,REP,R,208212.0,1.0,1.0
8848,House,1714,17,,,Jim,Oberweis,REP,R,196057.0,0.0,1.0
9202,House,1804,18,,,Jim,Baird,REP,R,225531.0,1.0,1.0
8849,House,1715,17,,,Mary,Miller,REP,R,230955.0,1.0,1.0
9200,House,1803,18,,,Jim,Banks,REP,R,220989.0,1.0,1.0
9198,House,1802,18,,,Jackie,Walorski,REP,R,183600.0,1.0,1.0
9196,House,1801,18,,,Mark,Leyva,REP,R,132243.0,0.0,1.0
8851,House,1716,17,,,Adam,Kinzinger,REP,R,214558.0,1.0,1.0
8856,House,1718,17,,,Darin,LaHood,REP,R,258093.0,1.0,1.0
12516,House,2101,21,,,James,Comer,REP,R,246245.0,1.0,1.0
26925,House,2902,29,,,Ann,Wagner,REP,R,230617.0,1.0,1.0
12519,House,2102,21,,,Brett,Guthrie,REP,R,255728.0,1.0,1.0
12525,House,2103,21,,,Rhonda,Palazzo,REP,R,137396.0,0.0,1.0
20011,House,2401,24,,,Andy,Harris,REP,R,250099.0,1.0,1.0
19881,House,2302,23,,,Dale,Crafts,REP,R,150407.0,0.0,1.0
6944,House,1501,15,,,Ron,Curtis,REP,R,71188.0,0.0,1.0
19878,House,2301,23,,,Jay,Allen,REP,R,139529.0,0.0,1.0
6946,House,1502,15,,,Joe,Akana,REP,R,83987.0,0.0,1.0
14383,House,2206,22,,,Garret,Graves,REP,R,265706.0,1.0,1.0
7461,House,1601,16,,,Russ,Fulcher,REP,R,299792.0,1.0,1.0
14380,House,2205,22,,,Matt,Hasty,REP,R,9834.0,1.0,1.0
14379,House,2205,22,,,Allen,Guillory,REP,R,22496.0,1.0,1.0
14378,House,2205,22,,,Scotty,Robinson,REP,R,23887.0,1.0,1.0
7464,House,1602,16,,,Mike,Simpson,REP,R,232563.0,1.0,1.0
14375,House,2205,22,,,Lance,Harris,REP,R,51240.0,1.0,1.0
14374,House,2205,22,,,Luke,Letlow,REP,R,102533.0,1.0,1.0
14373,House,2204,22,,,Ben,Gibson,REP,R,19343.0,1.0,1.0
8818,House,1701,17,,,Philanise,White,REP,R,83566.0,0.0,1.0
14370,House,2204,22,,,Mike,Johnson,REP,R,185265.0,1.0,1.0
8820,House,1702,17,,,Theresa,Raborn,REP,R,62305.0,0.0,1.0
14366,House,2203,22,,,Clay,Higgins,REP,R,230480.0,1.0,1.0
14363,House,2202,22,,,Sheldon,Vincent,REP,R,15565.0,0.0,1.0
14361,House,2202,22,,,David,Schilling,REP,R,47575.0,0.0,1.0
8822,House,1703,17,,,Mike,Fricilone,REP,R,130636.0,0.0,1.0
14357,House,2201,22,,,Steve,Scalise,REP,R,270330.0,1.0,1.0
8824,House,1704,17,,,Jesus,Solorio,REP,R,34723.0,0.0,1.0
12532,House,2106,21,,,Andy,Barr,REP,R,216927.0,1.0,1.0
12529,House,2105,21,,,Hal,Rogers,REP,R,250652.0,1.0,1.0
8826,House,1705,17,,,Tom,Hanson,REP,R,94419.0,0.0,1.0
12526,House,2104,21,,,Thomas,Massie,REP,R,256599.0,1.0,1.0
8829,House,1706,17,,,Jeanne,Ives,REP,R,182831.0,0.0,1.0
2603,House,651,6,,,Juan,Hidalgo,REP,R,74209.0,0.0,1.0
5857,House,1220,12,,,Greg,Musselwhite,REP,R,68748.0,0.0,1.0
26932,House,2904,29,,,Vicky,Hartzler,REP,R,245064.0,1.0,1.0
4328,House,802,8,,,Charlie,Winn,REP,R,182539.0,0.0,1.0
33625,House,3703,37,,,Greg,Murphy,REP,R,229800.0,1.0,1.0
33623,House,3702,37,,,Alan,Swain,REP,R,172544.0,1.0,1.0
4331,House,803,8,,,Lauren,Boebert,REP,R,220502.0,1.0,1.0
33621,House,3701,37,,,Sandy,Smith,REP,R,159748.0,0.0,1.0
4335,House,804,8,,,Ken,Buck,REP,R,285594.0,1.0,1.0
32605,House,3627,36,,,Chris,Jacobs,REP,R,206671.0,1.0,1.0
32603,House,3626,36,,,Ricky,Donovan,REP,R,82301.0,0.0,1.0
32599,House,3625,36,,,George,Mitris,REP,R,135776.0,0.0,1.0
4339,House,805,8,,,Doug,Lamborn,REP,R,248829.0,1.0,1.0
32594,House,3624,36,,,John,Katko,REP,R,178971.0,1.0,1.0
32590,House,3623,36,,,Tom,Reed,REP,R,167647.0,1.0,1.0
33628,House,3704,37,,,Robert,Thomas,REP,R,161301.0,0.0,1.0
4345,House,806,8,,,Steve,House,REP,R,175227.0,0.0,1.0
32583,House,3621,36,,,Elise,Stefanik,REP,R,166901.0,1.0,1.0
32581,House,3620,36,,,Elizabeth,Joy,REP,R,124349.0,0.0,1.0
4349,House,807,8,,,Casper,Stockham,REP,R,159301.0,0.0,1.0
32576,House,3619,36,,,Kyle,Van De Water,REP,R,137229.0,0.0,1.0
32572,House,3618,36,,,Chele,Farley,REP,R,128882.0,0.0,1.0
5205,House,901,9,,,Mary,Fay,REP,R,122088.0,0.0,1.0
32566,House,3617,36,,,Maureen,McArdle Schulman,REP,R,100237.0,0.0,1.0
5208,House,902,9,,,Justin,Anderson,REP,R,140409.0,0.0,1.0
32562,House,3615,36,,,Patrick,Delices,REP,R,18198.0,0.0,1.0
32559,House,3614,36,,,John,Cummings,REP,R,46877.0,0.0,1.0
5212,House,903,9,,,Margaret,Streicker,REP,R,144486.0,0.0,1.0
32556,House,3613,36,,,Lovelynn,Gwinn,REP,R,16787.0,0.0,1.0
32586,House,3622,36,,,Claudia,Tenney,REP,R,143027.0,0.0,1.0
33629,House,3705,37,,,Virginia,Foxx,REP,R,257842.0,1.0,1.0
4323,House,801,8,,,Shane,Bolling,REP,R,105954.0,0.0,1.0
33633,House,3706,37,,,Lee,Haywood,REP,R,153597.0,1.0,1.0
34884,House,3911,39,,,Laverne,Gore,REP,R,60323.0,0.0,1.0
2605,House,652,6,,,Jim,DeBello,REP,R,152101.0,0.0,1.0
34881,House,3910,39,,,Mike,Turner,REP,R,209614.0,1.0,1.0
34879,House,3909,39,,,Rob,Weber,REP,R,109624.0,0.0,1.0
34875,House,3908,39,,,Warren,Davidson,REP,R,245883.0,1.0,1.0
2609,House,605,6,,,Scott,Giblin,REP,R,78321.0,0.0,1.0
34872,House,3907,39,,,Bob,Gibbs,REP,R,232557.0,1.0,1.0
34870,House,3906,39,,,Bill,Johnson,REP,R,244721.0,1.0,1.0
2611,House,606,6,,,Christine,Bish,REP,R,79272.0,0.0,1.0
34868,House,3905,39,,,Bob,Latta,REP,R,253276.0,1.0,1.0
34865,House,3904,39,,,Jim,Jordan,REP,R,232050.0,1.0,1.0
34863,House,3903,39,,,Mark,Richardson,REP,R,93569.0,0.0,1.0
2613,House,607,6,,,Buzz,Patterson,REP,R,163984.0,0.0,1.0
2614,House,608,6,,,Jay,Obernolte,REP,R,153278.0,1.0,1.0
34859,House,3902,39,,,Brad,Wenstrup,REP,R,229143.0,1.0,1.0
34855,House,3901,39,,,Steve,Chabot,REP,R,199560.0,1.0,1.0
34270,House,3800,38,,,Kelly,Armstrong,REP,R,245229.0,1.0,1.0
2617,House,609,6,,,Tony,Amador,REP,R,121840.0,0.0,1.0
33647,House,3713,37,,,Ted,Budd,REP,R,267181.0,1.0,1.0
2618,House,621,6,,,David,Valadao,REP,R,82071.0,0.0,1.0
33642,House,3711,37,,,Madison,Cawthorn,REP,R,245350.0,1.0,1.0
2620,House,625,6,,,Mike,Garcia,REP,R,168017.0,1.0,1.0
33640,House,3710,37,,,Patrick,McHenry,REP,R,284019.0,1.0,1.0
33638,House,3709,37,,,Dan,Bishop,REP,R,223022.0,1.0,1.0
2622,House,639,6,,,Young,Kim,REP,R,170484.0,0.0,1.0
33636,House,3708,37,,,Richard,Hudson,REP,R,202774.0,1.0,1.0
33634,House,3707,37,,,David,Rouzer,REP,R,272448.0,1.0,1.0
32553,House,3612,36,,,Carlos,Santiago-Cano,REP,R,37973.0,0.0,1.0
5215,House,904,9,,,Jonathan,Riddle,REP,R,130635.0,0.0,1.0
32550,House,3611,36,,,Nicole,Malliotakis,REP,R,136382.0,0.0,1.0
32548,House,3610,36,,,Cathy,Bernstein,REP,R,52842.0,0.0,1.0
31826,House,3404,34,,,Chris,Smith,REP,R,244671.0,1.0,1.0
31823,House,3403,34,,,David,Richter,REP,R,185072.0,0.0,1.0
5834,House,1211,12,,,Daniel,Webster,REP,R,316979.0,1.0,1.0
31818,House,3402,34,,,Jeff,Van Drew,REP,R,180433.0,1.0,1.0
31817,House,3401,34,,,Claire,Gustafson,REP,R,135330.0,0.0,1.0
5836,House,1212,12,,,Gus,Bilirakis,REP,R,284941.0,1.0,1.0
30535,House,3302,33,,,Steve,Negron,REP,R,168873.0,0.0,1.0
30531,House,3301,33,,,Matt,Mowers,REP,R,185159.0,0.0,1.0
28622,House,3204,32,,,Jim,Marchant,REP,R,152284.0,0.0,1.0
5839,House,1213,12,,,Anna,Luna,REP,R,190713.0,0.0,1.0
28618,House,3203,32,,,Dan,Rodimer,REP,R,190975.0,0.0,1.0
5842,House,1214,12,,,Christine,Quinn,REP,R,147896.0,0.0,1.0
28614,House,3202,32,,,Mark,Amodei,REP,R,216078.0,1.0,1.0
28611,House,3201,32,,,Joyce,Bentley,REP,R,74490.0,0.0,1.0
5843,House,1215,12,,,Scott,Franklin,REP,R,216374.0,1.0,1.0
28515,House,3103,31,,,Adrian,Smith,REP,R,225026.0,1.0,1.0
5845,House,1216,12,,,Vern,Buchanan,REP,R,269001.0,1.0,1.0
28512,House,3102,31,,,Don,Bacon,REP,R,170865.0,1.0,1.0
28509,House,3101,31,,,Jeff,Fortenberry,REP,R,188079.0,1.0,1.0
5847,House,1217,12,,,Greg,Steube,REP,R,266514.0,1.0,1.0
27750,House,3000,30,,,Matt,Rosendale,REP,R,335214.0,1.0,1.0
26944,House,2908,29,,,Jason,Smith,REP,R,253646.0,1.0,1.0
5850,House,1218,12,,,Brian,Mast,REP,R,253286.0,1.0,1.0
26941,House,2907,29,,,Billy,Long,REP,R,251937.0,1.0,1.0
26938,House,2906,29,,,Sam,Graves,REP,R,258904.0,1.0,1.0
26936,House,2905,29,,,Ryan,Derks,REP,R,135396.0,0.0,1.0
5853,House,1219,12,,,Byron,Donalds,REP,R,272440.0,1.0,1.0
5832,House,1210,12,,,Vennia,Francois,REP,R,136889.0,0.0,1.0
26929,House,2903,29,,,Blaine,Luetkemeyer,REP,R,282424.0,1.0,1.0
31832,House,3405,34,,,Frank,Pallotta,REP,R,191724.0,0.0,1.0
31835,House,3406,34,,,Christian,Onuoha,REP,R,119261.0,0.0,1.0
5219,House,905,9,,,David,Sullivan,REP,R,152003.0,0.0,1.0
32544,House,3609,36,,,Constantin,Jean-Pierre,REP,R,36847.0,0.0,1.0
32542,House,3608,36,,,Garfield,Wallace,REP,R,36873.0,0.0,1.0
5255,House,1000,10,,,Lee,Murphy,REP,R,196392.0,0.0,1.0
32539,House,3607,36,,,Brian,Kelly,REP,R,27907.0,0.0,1.0
5808,House,1201,12,,,Matt,Gaetz,REP,R,283352.0,1.0,1.0
32537,House,3606,36,,,Thomas,Zmich,REP,R,63324.0,0.0,1.0
5811,House,1202,12,,,Neal,Dunn,REP,R,305337.0,1.0,1.0
32531,House,3604,36,,,Douglas,Tuman,REP,R,141636.0,0.0,1.0
5813,House,1203,12,,,Kat,Cammack,REP,R,223075.0,1.0,1.0
32527,House,3603,36,,,George,Santos,REP,R,148695.0,0.0,1.0
5815,House,1204,12,,,John,Rutherford,REP,R,308497.0,1.0,1.0
32522,House,3602,36,,,Andrew,Garbarino,REP,R,161223.0,1.0,1.0
32519,House,3601,36,,,Lee,Zeldin,REP,R,176323.0,1.0,1.0
32168,House,3503,35,,,Alexis,Johnson,REP,R,126711.0,0.0,1.0
5819,House,1205,12,,,Gary,Adler,REP,R,117510.0,0.0,1.0
32164,House,3502,35,,,Yvette,Herrell,REP,R,141227.0,0.0,1.0
32163,House,3501,35,,,Michelle,Garcia Holmes,REP,R,133789.0,0.0,1.0
5820,House,1206,12,,,Michael,Waltz,REP,R,265393.0,1.0,1.0
31852,House,3412,34,,,Mark,Razzoli,REP,R,106270.0,0.0,1.0
31850,House,3411,34,,,Rosemary,Becchi,REP,R,198865.0,0.0,1.0
31845,House,3410,34,,,Jennifer,Zinone,REP,R,33683.0,0.0,1.0
5824,House,1207,12,,,Leo,Valentin,REP,R,175750.0,0.0,1.0
31842,House,3409,34,,,Billy,Prempeh,REP,R,93625.0,0.0,1.0
5826,House,1208,12,,,Bill,Posey,REP,R,282093.0,1.0,1.0
31839,House,3408,34,,,Jason,Mushnick,REP,R,41199.0,0.0,1.0
31837,House,3407,34,,,Thomas,Kean,REP,R,208196.0,0.0,1.0
5829,House,1209,12,,,Bill,Olson,REP,R,188889.0,0.0,1.0
476,House,101,1,,,Jerry,Carl,REP,R,204399.0,1.0,1.0
